Film 1,This is the synopsis of film 1,2025,+7
Film 2,This is the synopsis of film 2,2024,+13
Film 3,This is the synopsis of film 3,2023,+18
Film 4,This is the synopsis of film 4,2022,+7
Film 5,This is the synopsis of film 5,2021,+13
Film 6,This is the synopsis of film 6,2020,+18
Film 7,This is the synopsis of film 7,2019,+7
Film 8,This is the synopsis of film 8,2018,+13
Film 9,This is the synopsis of film 9,2017,+18
Film 10,This is the synopsis of film 10,2016,+7
Film 11,This is the synopsis of film 11,2015,+13
Film 12,This is the synopsis of film 12,2014,+18
Film 13,This is the synopsis of film 13,2013,+7
Film 14,This is the synopsis of film 14,2012,+13
Film 15,This is the synopsis of film 15,2011,+18
Film 16,This is the synopsis of film 16,2010,+7
Film 17,This is the synopsis of film 17,2009,+13
Film 18,This is the synopsis of film 18,2008,+18
Film 19,This is the synopsis of film 19,2007,+7
Film 20,This is the synopsis of film 20,2006,+13
Film 21,This is the synopsis of film 21,2005,+18
Film 22,This is the synopsis of film 22,2004,+7
Film 23,This is the synopsis of film 23,2003,+13
Film 24,This is the synopsis of film 24,2002,+18
Film 25,This is the synopsis of film 25,2001,+7
Film 26,This is the synopsis of film 26,2000,+13
Film 27,This is the synopsis of film 27,1999,+18
Film 28,This is the synopsis of film 28,1998,+7
Film 29,This is the synopsis of film 29,1997,+13
Film 30,This is the synopsis of film 30,1996,+18
Film 31,This is the synopsis of film 31,1995,+7
Film 32,This is the synopsis of film 32,1994,+13
Film 33,This is the synopsis of film 33,1993,+18
Film 34,This is the synopsis of film 34,1992,+7
Film 35,This is the synopsis of film 35,1991,+13
Film 36,This is the synopsis of film 36,1990,+18
Film 37,This is the synopsis of film 37,1989,+7
Film 38,This is the synopsis of film 38,1988,+13
Film 39,This is the synopsis of film 39,1987,+18
Film 40,This is the synopsis of film 40,1986,+7
Film 41,This is the synopsis of film 41,1985,+13
Film 42,This is the synopsis of film 42,1984,+18
Film 43,This is the synopsis of film 43,1983,+7
Film 44,This is the synopsis of film 44,1982,+13
Film 45,This is the synopsis of film 45,1981,+18
Film 46,This is the synopsis of film 46,1980,+7
Film 47,This is the synopsis of film 47,1979,+13
Film 48,This is the synopsis of film 48,1978,+18
Film 49,This is the synopsis of film 49,1977,+7
Film 50,This is the synopsis of film 50,1976,+13
Film 51,This is the synopsis of film 51,1975,+18
Film 52,This is the synopsis of film 52,1974,+7
Film 53,This is the synopsis of film 53,1973,+13
Film 54,This is the synopsis of film 54,1972,+18
Film 55,This is the synopsis of film 55,1971,+7
Film 56,This is the synopsis of film 56,1970,+13
Film 57,This is the synopsis of film 57,1969,+18
Film 58,This is the synopsis of film 58,1968,+7
Film 59,This is the synopsis of film 59,1967,+13
Film 60,This is the synopsis of film 60,1966,+18
Film 61,This is the synopsis of film 61,1965,+7
Film 62,This is the synopsis of film 62,1964,+13
Film 63,This is the synopsis of film 63,1963,+18
Film 64,This is the synopsis of film 64,1962,+7
Film 65,This is the synopsis of film 65,1961,+13
Film 66,This is the synopsis of film 66,1960,+18
Film 67,This is the synopsis of film 67,1959,+7
Film 68,This is the synopsis of film 68,1958,+13
Film 69,This is the synopsis of film 69,1957,+18
Film 70,This is the synopsis of film 70,1956,+7
Film 71,This is the synopsis of film 71,1955,+13
Film 72,This is the synopsis of film 72,1954,+18
Film 73,This is the synopsis of film 73,1953,+7
Film 74,This is the synopsis of film 74,1952,+13
Film 75,This is the synopsis of film 75,1951,+18
Film 76,This is the synopsis of film 76,1950,+7
Film 77,This is the synopsis of film 77,1949,+13
Film 78,This is the synopsis of film 78,1948,+18
Film 79,This is the synopsis of film 79,1947,+7
Film 80,This is the synopsis of film 80,1946,+13
Film 81,This is the synopsis of film 81,1945,+18
Film 82,This is the synopsis of film 82,1944,+7
Film 83,This is the synopsis of film 83,1943,+13
Film 84,This is the synopsis of film 84,1942,+18
Film 85,This is the synopsis of film 85,1941,+7
Film 86,This is the synopsis of film 86,1940,+13
Film 87,This is the synopsis of film 87,1939,+18
Film 88,This is the synopsis of film 88,1938,+7
Film 89,This is the synopsis of film 89,1937,+13
Film 90,This is the synopsis of film 90,1936,+18
Film 91,This is the synopsis of film 91,1935,+7
Film 92,This is the synopsis of film 92,1934,+13
Film 93,This is the synopsis of film 93,1933,+18
Film 94,This is the synopsis of film 94,1932,+7
Film 95,This is the synopsis of film 95,1931,+13
Film 96,This is the synopsis of film 96,1930,+18
Film 97,This is the synopsis of film 97,1929,+7
Film 98,This is the synopsis of film 98,1928,+13
Film 99,This is the synopsis of film 99,1927,+18
Film 100,This is the synopsis of film 100,1926,+7